"office","year","raceID"
"Agriculture Commissioner",2002,1
"Attorney General",2002,2
"Court of Criminal Appeals Seat 1",2002,3
"Court of Criminal Appeals Seat 2",2002,4
"Court of Criminal Appeals Seat 3",2002,5
"Comptroller",2002,6
"Governor",2002,7
"Land Commissioner",2002,8
"Lieutenant Governor",2002,9
"Railroad Commissioner 3",2002,10
"State Board of Education District 9",2002,11
"State Representative District 8",2002,12
"Supreme Court Seat 1",2002,13
"Supreme Court Seat 2",2002,14
"Supreme Court Seat 4",2002,15
"Supreme Court Seat 8",2002,16
"Supreme Court Chief Justice",2002,17
"US Representative District 5",2002,18
"US Senator",2002,19
"State Board of Education District 15",2002,20
"State Representative District 68",2002,21
"US Representative District 13",2002,22
"State Board of Education District 1",2002,23
"US Representative District 23",2002,24
"State Representative District 85",2002,25
"State Representative District 74",2002,26
"State Senator District 16",2002,27
"US Representative District 32",2002,28
"State Representative District 107",2002,29
"US Representative District 30",2002,30
"State Senator District 2",2002,31
"US Representative District 3",2002,32
"State Representative District 112",2002,33
"State Representative District 103",2002,34
"State Representative District 115",2002,35
"State Representative District 108",2002,36
"US Representative District 26",2002,37
"State Representative District 104",2002,38
"US Representative District 24",2002,39
"State Representative District 109",2002,40
"State Senator District 22",2002,41
"US Representative District 6",2002,42
"State Representative District 89",2002,43
"State Senator District 30",2002,44
"US Representative District 17",2002,45
"US Representative District 1",2002,46
"State Senator District 18",2002,47
"US Representative District 14",2002,48
"State Representative District 80",2002,49
"State Representative District 35",2002,50
"US Representative District 28",2002,51
"State Representative District 59",2002,52
"State Representative District 57",2002,53
"State Representative District 62",2002,54
"US Representative District 4",2002,55
"State Representative District 17",2002,56
"US Representative District 31",2002,57
"US Representative District 22",2002,58
"State Representative District 27",2002,59
"State Senator District 17",2002,60
"US Representative District 25",2002,61
"State Senator District 1",2002,62
"State Board of Education District 7",2002,63
"State Representative District 24",2002,64
"US Representative District 9",2002,65
"State Representative District 29",2002,66
"State Board of Education District 5",2002,67
"State Representative District 73",2002,68
"US Representative District 21",2002,69
"US Representative District 2",2002,70
"State Senator District 25",2002,71
"US Representative District 11",2002,72
"State Representative District 19",2002,73
"US Representative District 18",2002,74
"State Senator District 15",2002,75
"State Representative District 134",2002,76
"State Representative District 138",2002,77
"State Representative District 140",2002,78
"State Representative District 135",2002,79
"State Representative District 149",2002,80
"State Senator District 4",2002,81
"State Representative District 133",2002,82
"State Representative District 137",2002,83
"State Representative District 5",2002,84
"State Representative District 45",2002,85
"State Representative District 4",2002,86
"State Representative District 2",2002,87
"State Representative District 9",2002,88
"State Representative District 21",2002,89
"State Representative District 43",2002,90
"State Representative District 58",2002,91
"US Representative District 27",2002,92
"State Representative District 18",2002,93
"State Representative District 123",2002,94
"State Representative District 117",2002,95
"State Representative District 125",2002,96
"State Representative District 84",2002,97
"State Representative District 56",2002,98
"State Representative District 1",2002,99
"State Representative District 72",2002,100
"State Representative District 87",2002,101
"State Representative District 34",2002,102
"State Representative District 33",2002,103
"State Representative District 32",2002,104
"State Representative District 61",2002,105
"State Representative District 25",2002,106
"State Representative District 12",2002,107
"State Representative District 90",2002,108
"State Senator District 10",2002,109
"State Representative District 97",2002,110
"State Representative District 96",2002,111
"State Representative District 93",2002,112
"State Representative District 99",2002,113
"State Senator District 14",2002,114
"State Representative District 50",2002,115
"State Representative District 52",2002,116
"State Representative District 49",2002,117
"State Representative District 48",2002,118
"State Representative District 47",2002,119
"State Representative District 38",2002,120
"State Representative District 70",2002,121
"State Representative District 66",2002,122
"State Representative District 67",2002,123
"US President",2004,124
"Agriculture Commissioner",2006,125
"Attorney General",2006,126
"Court of Criminal Appeals Seat 7",2006,127
"Court of Criminal Appeals Seat 8",2006,128
"Court of Criminal Appeals Presiding Judge",2006,129
"Comptroller",2006,130
"Governor",2006,131
"Land Commissioner",2006,132
"Lieutenant Governor",2006,133
"Railroad Commissioner 3",2006,134
"State Board of Education District 9",2006,135
"State Representative District 8",2006,136
"Supreme Court Seat 2",2006,137
"Supreme Court Seat 4",2006,138
"Supreme Court Seat 6",2006,139
"Supreme Court Seat 8",2006,140
"Supreme Court Chief Justice",2006,141
"US Representative District 5",2006,142
"US Senator",2006,143
"State Board of Education District 15",2006,144
"US Representative District 13",2006,145
"State Representative District 53",2006,146
"State Senator District 19",2006,147
"State Representative District 85",2006,148
"State Representative District 88",2006,149
"State Representative District 86",2006,150
"State Board of Education District 12",2006,151
"State Representative District 102",2006,152
"State Representative District 114",2006,153
"US Representative District 32",2006,154
"State Representative District 107",2006,155
"US Representative District 3",2006,156
"US Representative District 30",2006,157
"State Representative District 101",2006,158
"State Representative District 100",2006,159
"State Senator District 2",2006,160
"State Representative District 113",2006,161
"State Representative District 112",2006,162
"State Representative District 103",2006,163
"US Representative District 24",2006,164
"State Representative District 108",2006,165
"State Representative District 105",2006,166
"US Representative District 26",2006,167
"State Representative District 65",2006,168
"State Representative District 111",2006,169
"State Representative District 104",2006,170
"State Representative District 106",2006,171
"State Representative District 10",2006,172
"State Senator District 22",2006,173
"US Representative District 6",2006,174
"State Representative District 89",2006,175
"US Representative District 4",2006,176
"US Representative District 19",2006,177
"State Representative District 3",2006,178
"State Representative District 64",2006,179
"State Senator District 12",2006,180
"State Board of Education District 10",2006,181
"State Senator District 18",2006,182
"State Board of Education District 3",2006,183
"State Representative District 35",2006,184
"State Representative District 60",2006,185
"State Representative District 81",2006,186
"State Senator District 29",2006,187
"US Representative District 16",2006,188
"State Representative District 75",2006,189
"State Representative District 59",2006,190
"US Representative District 31",2006,191
"State Representative District 57",2006,192
"State Representative District 62",2006,193
"State Representative District 17",2006,194
"State Representative District 13",2006,195
"US Representative District 10",2006,196
"State Representative District 28",2006,197
"US Representative District 14",2006,198
"US Representative District 22",2006,199
"State Representative District 27",2006,200
"State Representative District 132",2006,201
"State Senator District 7",2006,202
"State Senator District 17",2006,203
"State Senator District 1",2006,204
"State Senator District 5",2006,205
"State Representative District 83",2006,206
"State Representative District 24",2006,207
"State Representative District 23",2006,208
"State Representative District 29",2006,209
"State Board of Education District 5",2006,210
"State Representative District 73",2006,211
"State Representative District 7",2006,212
"US Representative District 1",2006,213
"US Representative District 17",2006,214
"State Senator District 25",2006,215
"State Representative District 19",2006,216
"US Representative District 8",2006,217
"State Representative District 148",2006,218
"US Representative District 18",2006,219
"State Senator District 15",2006,220
"State Representative District 150",2006,221
"US Representative District 2",2006,222
"US Representative District 7",2006,223
"US Representative District 29",2006,224
"State Representative District 134",2006,225
"State Representative District 136",2006,226
"State Representative District 130",2006,227
"State Representative District 138",2006,228
"State Representative District 143",2006,229
"State Representative District 127",2006,230
"State Representative District 144",2006,231
"State Representative District 126",2006,232
"State Representative District 129",2006,233
"State Representative District 149",2006,234
"State Representative District 133",2006,235
"State Representative District 137",2006,236
"State Representative District 5",2006,237
"State Representative District 45",2006,238
"State Representative District 4",2006,239
"State Representative District 11",2006,240
"State Representative District 2",2006,241
"State Representative District 58",2006,242
"US Representative District 27",2006,243
"State Representative District 55",2006,244
"State Representative District 54",2006,245
"State Representative District 20",2006,246
"State Representative District 18",2006,247
"State Representative District 123",2006,248
"US Representative District 20",2006,249
"State Representative District 124",2006,250
"State Representative District 118",2006,251
"State Representative District 117",2006,252
"State Representative District 125",2006,253
"State Representative District 116",2006,254
"State Representative District 121",2006,255
"State Representative District 122",2006,256
"State Representative District 120",2006,257
"State Representative District 84",2006,258
"State Representative District 56",2006,259
"State Representative District 1",2006,260
"State Representative District 72",2006,261
"State Representative District 16",2006,262
"State Representative District 15",2006,263
"State Representative District 71",2006,264
"State Representative District 34",2006,265
"State Representative District 33",2006,266
"State Representative District 32",2006,267
"State Representative District 61",2006,268
"US Representative District 12",2006,269
"State Representative District 12",2006,270
"State Representative District 90",2006,271
"State Representative District 97",2006,272
"State Representative District 96",2006,273
"State Representative District 91",2006,274
"State Representative District 94",2006,275
"State Representative District 93",2006,276
"State Representative District 98",2006,277
"State Representative District 99",2006,278
"State Representative District 46",2006,279
"State Senator District 14",2006,280
"State Representative District 50",2006,281
"State Representative District 51",2006,282
"State Representative District 52",2006,283
"State Representative District 49",2006,284
"State Representative District 48",2006,285
"State Representative District 47",2006,286
"State Representative District 69",2006,287
"State Representative District 38",2006,288
"State Representative District 70",2006,289
"State Representative District 66",2006,290
"Court of Criminal Appeals Seat 3",2008,291
"Court of Criminal Appeals Seat 4",2008,292
"Court of Criminal Appeals Seat 9",2008,293
"US President",2008,294
"Railroad Commissioner 3",2008,295
"Supreme Court Seat 7",2008,296
"Supreme Court Seat 8",2008,297
"Supreme Court Chief Justice",2008,298
"US Representative District 5",2008,299
"US Senator",2008,300
"State Senator District 28",2008,301
"US Representative District 13",2008,302
"State Representative District 82",2008,303
"State Senator District 31",2008,304
"US Representative District 11",2008,305
"State Representative District 53",2008,306
"US Representative District 23",2008,307
"State Representative District 85",2008,308
"State Representative District 74",2008,309
"State Representative District 86",2008,310
"State Representative District 102",2008,311
"State Senator District 16",2008,312
"US Representative District 32",2008,313
"State Representative District 107",2008,314
"US Representative District 3",2008,315
"US Representative District 30",2008,316
"State Board of Education District 13",2008,317
"State Representative District 101",2008,318
"State Representative District 100",2008,319
"State Senator District 23",2008,320
"State Representative District 113",2008,321
"State Representative District 112",2008,322
"State Representative District 103",2008,323
"State Representative District 115",2008,324
"US Representative District 24",2008,325
"State Representative District 108",2008,326
"State Representative District 105",2008,327
"State Senator District 9",2008,328
"US Representative District 26",2008,329
"State Board of Education District 14",2008,330
"State Representative District 65",2008,331
"State Representative District 63",2008,332
"State Representative District 111",2008,333
"State Representative District 109",2008,334
"State Representative District 106",2008,335
"State Board of Education District 11",2008,336
"State Representative District 10",2008,337
"US Representative District 6",2008,338
"US Representative District 4",2008,339
"US Representative District 19",2008,340
"State Representative District 3",2008,341
"State Representative District 64",2008,342
"US Representative District 15",2008,343
"State Senator District 21",2008,344
"US Representative District 28",2008,345
"State Representative District 60",2008,346
"State Senator District 24",2008,347
"State Representative District 81",2008,348
"State Representative District 78",2008,349
"US Representative District 16",2008,350
"State Representative District 75",2008,351
"State Representative District 59",2008,352
"US Representative District 31",2008,353
"State Representative District 57",2008,354
"State Representative District 62",2008,355
"State Representative District 17",2008,356
"US Representative District 25",2008,357
"US Representative District 10",2008,358
"State Representative District 28",2008,359
"US Representative District 22",2008,360
"State Representative District 27",2008,361
"State Board of Education District 6",2008,362
"State Representative District 132",2008,363
"US Representative District 9",2008,364
"State Board of Education District 7",2008,365
"State Representative District 24",2008,366
"State Senator District 11",2008,367
"State Representative District 23",2008,368
"State Representative District 29",2008,369
"State Representative District 73",2008,370
"State Board of Education District 2",2008,371
"State Representative District 44",2008,372
"State Board of Education District 8",2008,373
"State Representative District 7",2008,374
"US Representative District 1",2008,375
"US Representative District 17",2008,376
"US Representative District 21",2008,377
"State Representative District 19",2008,378
"US Representative District 8",2008,379
"State Representative District 148",2008,380
"State Senator District 6",2008,381
"US Representative District 18",2008,382
"State Representative District 147",2008,383
"State Representative District 150",2008,384
"US Representative District 2",2008,385
"State Representative District 141",2008,386
"US Representative District 7",2008,387
"US Representative District 29",2008,388
"State Representative District 134",2008,389
"State Representative District 145",2008,390
"State Representative District 136",2008,391
"State Representative District 130",2008,392
"State Representative District 138",2008,393
"State Representative District 143",2008,394
"State Representative District 127",2008,395
"State Representative District 135",2008,396
"State Representative District 144",2008,397
"State Representative District 126",2008,398
"State Representative District 129",2008,399
"State Representative District 149",2008,400
"State Representative District 133",2008,401
"State Representative District 137",2008,402
"State Representative District 45",2008,403
"State Representative District 4",2008,404
"State Representative District 41",2008,405
"State Senator District 20",2008,406
"State Representative District 11",2008,407
"State Representative District 2",2008,408
"State Representative District 9",2008,409
"State Representative District 22",2008,410
"State Representative District 43",2008,411
"State Representative District 58",2008,412
"US Representative District 27",2008,413
"State Representative District 55",2008,414
"State Representative District 54",2008,415
"State Representative District 20",2008,416
"State Representative District 18",2008,417
"State Senator District 26",2008,418
"US Representative District 20",2008,419
"State Representative District 118",2008,420
"State Representative District 117",2008,421
"State Representative District 116",2008,422
"State Representative District 121",2008,423
"State Representative District 122",2008,424
"State Representative District 56",2008,425
"State Representative District 1",2008,426
"State Representative District 72",2008,427
"State Representative District 87",2008,428
"State Representative District 71",2008,429
"State Representative District 34",2008,430
"State Representative District 33",2008,431
"State Representative District 32",2008,432
"State Representative District 61",2008,433
"US Representative District 12",2008,434
"State Representative District 25",2008,435
"State Representative District 12",2008,436
"State Representative District 14",2008,437
"State Representative District 6",2008,438
"State Representative District 90",2008,439
"State Senator District 10",2008,440
"State Representative District 97",2008,441
"State Representative District 95",2008,442
"State Representative District 96",2008,443
"State Representative District 91",2008,444
"State Representative District 92",2008,445
"State Representative District 94",2008,446
"State Representative District 93",2008,447
"State Representative District 98",2008,448
"State Representative District 99",2008,449
"State Representative District 46",2008,450
"State Representative District 50",2008,451
"State Representative District 51",2008,452
"State Representative District 52",2008,453
"State Representative District 48",2008,454
"State Representative District 47",2008,455
"State Representative District 69",2008,456
"State Representative District 70",2008,457
"State Representative District 66",2008,458
"State Representative District 67",2008,459
"Agriculture Commissioner",2010,460
"Attorney General",2010,461
"Court of Criminal Appeals Seat 2",2010,462
"Court of Criminal Appeals Seat 5",2010,463
"Court of Criminal Appeals Seat 6",2010,464
"Comptroller",2010,465
"Governor",2010,466
"Land Commissioner",2010,467
"Lieutenant Governor",2010,468
"Railroad Commissioner 1",2010,469
"State Board of Education District 9",2010,470
"State Representative District 8",2010,471
"State Senator District 3",2010,472
"Supreme Court Seat 3",2010,473
"Supreme Court Seat 5",2010,474
"Supreme Court Seat 9",2010,475
"US Representative District 5",2010,476
"State Board of Education District 15",2010,477
"US Representative District 13",2010,478
"State Board of Education District 1",2010,479
"US Representative District 11",2010,480
"State Representative District 53",2010,481
"State Senator District 19",2010,482
"US Representative District 23",2010,483
"State Representative District 85",2010,484
"State Representative District 74",2010,485
"State Board of Education District 12",2010,486
"State Representative District 102",2010,487
"State Representative District 114",2010,488
"US Representative District 32",2010,489
"State Representative District 107",2010,490
"US Representative District 3",2010,491
"US Representative District 30",2010,492
"State Representative District 101",2010,493
"State Senator District 2",2010,494
"State Representative District 113",2010,495
"State Representative District 112",2010,496
"State Senator District 8",2010,497
"State Representative District 115",2010,498
"US Representative District 24",2010,499
"State Representative District 108",2010,500
"State Representative District 105",2010,501
"US Representative District 26",2010,502
"State Representative District 65",2010,503
"State Representative District 109",2010,504
"State Representative District 106",2010,505
"US Representative District 6",2010,506
"US Representative District 4",2010,507
"US Representative District 19",2010,508
"State Representative District 3",2010,509
"State Representative District 64",2010,510
"State Senator District 12",2010,511
"State Board of Education District 10",2010,512
"State Senator District 18",2010,513
"US Representative District 15",2010,514
"State Board of Education District 3",2010,515
"State Representative District 35",2010,516
"US Representative District 28",2010,517
"State Representative District 78",2010,518
"State Senator District 29",2010,519
"US Representative District 16",2010,520
"State Representative District 79",2010,521
"State Representative District 59",2010,522
"US Representative District 31",2010,523
"State Representative District 57",2010,524
"State Representative District 62",2010,525
"State Representative District 17",2010,526
"US Representative District 25",2010,527
"US Representative District 10",2010,528
"State Representative District 28",2010,529
"US Representative District 14",2010,530
"US Representative District 22",2010,531
"State Representative District 27",2010,532
"State Representative District 26",2010,533
"State Representative District 132",2010,534
"State Senator District 7",2010,535
"State Senator District 13",2010,536
"State Senator District 17",2010,537
"US Representative District 9",2010,538
"State Senator District 5",2010,539
"State Representative District 24",2010,540
"State Representative District 23",2010,541
"State Representative District 29",2010,542
"State Board of Education District 5",2010,543
"State Representative District 73",2010,544
"State Representative District 7",2010,545
"US Representative District 1",2010,546
"US Representative District 17",2010,547
"State Senator District 25",2010,548
"US Representative District 21",2010,549
"US Representative District 8",2010,550
"State Representative District 148",2010,551
"US Representative District 18",2010,552
"State Senator District 15",2010,553
"State Representative District 150",2010,554
"US Representative District 2",2010,555
"State Representative District 141",2010,556
"US Representative District 7",2010,557
"US Representative District 29",2010,558
"State Representative District 134",2010,559
"State Representative District 136",2010,560
"State Representative District 130",2010,561
"State Representative District 138",2010,562
"State Representative District 143",2010,563
"State Representative District 127",2010,564
"State Representative District 144",2010,565
"State Representative District 126",2010,566
"State Representative District 149",2010,567
"State Representative District 133",2010,568
"State Representative District 137",2010,569
"State Representative District 45",2010,570
"State Representative District 41",2010,571
"State Representative District 11",2010,572
"State Representative District 9",2010,573
"State Representative District 43",2010,574
"State Representative District 58",2010,575
"US Representative District 27",2010,576
"State Representative District 55",2010,577
"State Representative District 20",2010,578
"State Representative District 18",2010,579
"US Representative District 20",2010,580
"State Representative District 124",2010,581
"State Representative District 119",2010,582
"State Representative District 117",2010,583
"State Representative District 125",2010,584
"State Representative District 122",2010,585
"State Representative District 84",2010,586
"State Representative District 56",2010,587
"State Representative District 1",2010,588
"State Representative District 15",2010,589
"State Representative District 87",2010,590
"State Representative District 71",2010,591
"State Representative District 34",2010,592
"State Representative District 33",2010,593
"State Representative District 61",2010,594
"US Representative District 12",2010,595
"State Representative District 12",2010,596
"State Representative District 6",2010,597
"State Representative District 90",2010,598
"State Representative District 97",2010,599
"State Representative District 96",2010,600
"State Representative District 92",2010,601
"State Representative District 94",2010,602
"State Representative District 93",2010,603
"State Representative District 46",2010,604
"State Senator District 14",2010,605
"State Representative District 50",2010,606
"State Representative District 51",2010,607
"State Representative District 52",2010,608
"State Representative District 49",2010,609
"State Representative District 48",2010,610
"State Representative District 47",2010,611
"State Representative District 69",2010,612
"US President",2012,613
"US Senator",2012,614
"US Representative District 5",2012,615
"Railroad Commissioner 1",2012,616
"Railroad Commissioner 2",2012,617
"Supreme Court Seat 2",2012,618
"Supreme Court Seat 4",2012,619
"Supreme Court Seat 6",2012,620
"Court of Criminal Appeals Presiding Judge",2012,621
"Court of Criminal Appeals Seat 7",2012,622
"Court of Criminal Appeals Seat 8",2012,623
"State Board of Education District 9",2012,624
"State Representative District 8",2012,625
"US Representative District 11",2012,626
"State Board of Education District 15",2012,627
"US Representative District 1",2012,628
"US Representative District 27",2012,629
"State Board of Education District 2",2012,630
"State Representative District 30",2012,631
"US Representative District 13",2012,632
"State Senator District 30",2012,633
"State Representative District 69",2012,634
"US Representative District 28",2012,635
"State Board of Education District 1",2012,636
"State Senator District 19",2012,637
"State Senator District 21",2012,638
"State Representative District 31",2012,639
"US Representative District 10",2012,640
"State Board of Education District 10",2012,641
"US Representative District 19",2012,642
"US Representative District 21",2012,643
"US Representative District 17",2012,644
"State Senator District 14",2012,645
"State Representative District 17",2012,646
"State Senator District 28",2012,647
"US Representative District 34",2012,648
"State Board of Education District 3",2012,649
"State Representative District 43",2012,650
"US Representative District 31",2012,651
"US Representative District 25",2012,652
"State Representative District 54",2012,653
"US Representative District 35",2012,654
"US Representative District 23",2012,655
"US Representative District 20",2012,656
"State Board of Education District 5",2012,657
"State Senator District 26",2012,658
"State Senator District 25",2012,659
"State Representative District 123",2012,660
"State Representative District 119",2012,661
"State Representative District 118",2012,662
"State Representative District 117",2012,663
"State Representative District 125",2012,664
"State Representative District 121",2012,665
"State Representative District 120",2012,666
"State Representative District 124",2012,667
"State Representative District 45",2012,668
"State Board of Education District 14",2012,669
"State Senator District 22",2012,670
"US Representative District 4",2012,671
"State Senator District 1",2012,672
"State Representative District 1",2012,673
"US Representative District 14",2012,674
"US Representative District 22",2012,675
"State Board of Education District 7",2012,676
"State Senator District 11",2012,677
"State Senator District 17",2012,678
"State Representative District 29",2012,679
"State Board of Education District 8",2012,680
"State Senator District 5",2012,681
"State Representative District 12",2012,682
"State Representative District 14",2012,683
"State Representative District 74",2012,684
"US Representative District 15",2012,685
"State Senator District 20",2012,686
"State Representative District 38",2012,687
"State Representative District 87",2012,688
"US Representative District 36",2012,689
"State Senator District 4",2012,690
"State Representative District 23",2012,691
"US Representative District 32",2012,692
"State Board of Education District 12",2012,693
"State Senator District 8",2012,694
"State Representative District 33",2012,695
"State Representative District 73",2012,696
"State Representative District 59",2012,697
"State Senator District 29",2012,698
"US Representative District 30",2012,699
"US Representative District 24",2012,700
"US Representative District 26",2012,701
"US Representative District 33",2012,702
"State Board of Education District 13",2012,703
"State Board of Education District 11",2012,704
"State Senator District 23",2012,705
"State Senator District 9",2012,706
"State Representative District 114",2012,707
"State Representative District 107",2012,708
"State Representative District 109",2012,709
"State Representative District 108",2012,710
"State Representative District 113",2012,711
"State Representative District 102",2012,712
"State Representative District 115",2012,713
"State Representative District 105",2012,714
"State Representative District 62",2012,715
"State Senator District 12",2012,716
"State Representative District 106",2012,717
"State Representative District 65",2012,718
"State Representative District 63",2012,719
"State Representative District 64",2012,720
"US Representative District 6",2012,721
"US Representative District 16",2012,722
"State Representative District 78",2012,723
"US Representative District 9",2012,724
"State Board of Education District 4",2012,725
"State Representative District 85",2012,726
"State Representative District 26",2012,727
"State Representative District 27",2012,728
"State Representative District 24",2012,729
"US Representative District 8",2012,730
"US Representative District 18",2012,731
"US Representative District 7",2012,732
"US Representative District 29",2012,733
"US Representative District 2",2012,734
"State Board of Education District 6",2012,735
"State Senator District 6",2012,736
"State Senator District 7",2012,737
"State Senator District 15",2012,738
"State Representative District 147",2012,739
"State Representative District 150",2012,740
"State Representative District 141",2012,741
"State Representative District 143",2012,742
"State Representative District 134",2012,743
"State Representative District 130",2012,744
"State Representative District 135",2012,745
"State Representative District 138",2012,746
"State Representative District 144",2012,747
"State Representative District 139",2012,748
"State Representative District 127",2012,749
"State Representative District 132",2012,750
"State Representative District 137",2012,751
"State Representative District 149",2012,752
"State Representative District 148",2012,753
"State Representative District 133",2012,754
"State Representative District 131",2012,755
"State Representative District 39",2012,756
"State Representative District 41",2012,757
"State Representative District 84",2012,758
"State Representative District 56",2012,759
"State Representative District 15",2012,760
"State Representative District 34",2012,761
"US Representative District 12",2012,762
"State Representative District 61",2012,763
"State Representative District 6",2012,764
"State Senator District 10",2012,765
"State Representative District 95",2012,766
"State Representative District 96",2012,767
"State Representative District 92",2012,768
"State Representative District 101",2012,769
"State Representative District 94",2012,770
"State Representative District 98",2012,771
"State Representative District 97",2012,772
"State Representative District 99",2012,773
"State Representative District 93",2012,774
"State Representative District 46",2012,775
"State Representative District 51",2012,776
"State Representative District 48",2012,777
"State Representative District 49",2012,778
"State Representative District 47",2012,779
"State Representative District 136",2012,780
"State Representative District 52",2012,781
"US Senator",2014,782
"US Representative District 5",2014,783
"Governor",2014,784
"Lieutenant Governor",2014,785
"Attorney General",2014,786
"Comptroller",2014,787
"Land Commissioner",2014,788
"Agriculture Commissioner",2014,789
"Railroad Commissioner 3",2014,790
"Supreme Court Chief Justice",2014,791
"Supreme Court Seat 6",2014,792
"Supreme Court Seat 7",2014,793
"Supreme Court Seat 8",2014,794
"Court of Criminal Appeals Seat 3",2014,795
"Court of Criminal Appeals Seat 4",2014,796
"State Senator District 3",2014,797
"State Representative District 8",2014,798
"Court of Criminal Appeals Seat 9",2014,799
"US Representative District 11",2014,800
"State Senator District 31",2014,801
"State Representative District 81",2014,802
"US Representative District 1",2014,803
"US Representative District 27",2014,804
"US Representative District 13",2014,805
"State Senator District 30",2014,806
"State Representative District 88",2014,807
"US Representative District 28",2014,808
"US Representative District 10",2014,809
"US Representative District 19",2014,810
"US Representative District 21",2014,811
"State Representative District 53",2014,812
"US Representative District 17",2014,813
"State Senator District 14",2014,814
"State Representative District 17",2014,815
"US Representative District 34",2014,816
"State Board of Education District 3",2014,817
"State Representative District 43",2014,818
"US Representative District 31",2014,819
"US Representative District 25",2014,820
"US Representative District 35",2014,821
"US Representative District 23",2014,822
"US Representative District 20",2014,823
"State Senator District 25",2014,824
"State Representative District 123",2014,825
"State Representative District 117",2014,826
"State Representative District 125",2014,827
"State Representative District 121",2014,828
"State Representative District 120",2014,829
"State Representative District 122",2014,830
"State Representative District 45",2014,831
"State Representative District 83",2014,832
"State Representative District 58",2014,833
"US Representative District 14",2014,834
"US Representative District 22",2014,835
"State Board of Education District 7",2014,836
"State Senator District 17",2014,837
"State Senator District 5",2014,838
"State Representative District 14",2014,839
"US Representative District 15",2014,840
"State Representative District 20",2014,841
"State Representative District 5",2014,842
"State Representative District 87",2014,843
"US Representative District 36",2014,844
"State Representative District 23",2014,845
"US Representative District 3",2014,846
"US Representative District 32",2014,847
"State Board of Education District 12",2014,848
"State Senator District 8",2014,849
"State Representative District 67",2014,850
"State Representative District 89",2014,851
"US Representative District 30",2014,852
"US Representative District 24",2014,853
"US Representative District 26",2014,854
"US Representative District 33",2014,855
"State Board of Education District 13",2014,856
"State Board of Education District 11",2014,857
"State Senator District 2",2014,858
"State Senator District 23",2014,859
"State Senator District 9",2014,860
"State Representative District 114",2014,861
"State Representative District 107",2014,862
"State Representative District 100",2014,863
"State Representative District 108",2014,864
"State Representative District 113",2014,865
"State Representative District 112",2014,866
"State Representative District 102",2014,867
"State Representative District 115",2014,868
"State Representative District 105",2014,869
"State Representative District 64",2014,870
"State Representative District 106",2014,871
"State Representative District 65",2014,872
"State Representative District 63",2014,873
"State Representative District 80",2014,874
"US Representative District 6",2014,875
"US Representative District 16",2014,876
"State Representative District 77",2014,877
"State Representative District 76",2014,878
"US Representative District 9",2014,879
"State Board of Education District 4",2014,880
"State Representative District 85",2014,881
"State Representative District 26",2014,882
"State Representative District 27",2014,883
"US Representative District 8",2014,884
"State Representative District 44",2014,885
"US Representative District 18",2014,886
"US Representative District 7",2014,887
"US Representative District 29",2014,888
"US Representative District 2",2014,889
"State Senator District 15",2014,890
"State Senator District 7",2014,891
"State Representative District 148",2014,892
"State Representative District 150",2014,893
"State Representative District 146",2014,894
"State Representative District 128",2014,895
"State Representative District 134",2014,896
"State Representative District 130",2014,897
"State Representative District 135",2014,898
"State Representative District 138",2014,899
"State Representative District 144",2014,900
"State Representative District 129",2014,901
"State Representative District 126",2014,902
"State Representative District 133",2014,903
"State Representative District 132",2014,904
"State Representative District 137",2014,905
"State Representative District 149",2014,906
"State Representative District 4",2014,907
"State Representative District 41",2014,908
"State Representative District 21",2014,909
"State Representative District 84",2014,910
"State Representative District 56",2014,911
"State Representative District 16",2014,912
"State Representative District 3",2014,913
"US Representative District 12",2014,914
"State Representative District 61",2014,915
"State Representative District 6",2014,916
"State Senator District 10",2014,917
"State Representative District 95",2014,918
"State Representative District 97",2014,919
"State Representative District 96",2014,920
"State Representative District 92",2014,921
"State Representative District 101",2014,922
"State Representative District 94",2014,923
"State Representative District 91",2014,924
"State Representative District 46",2014,925
"State Representative District 50",2014,926
"State Representative District 51",2014,927
"State Representative District 49",2014,928
"State Representative District 48",2014,929
"State Representative District 47",2014,930
"State Representative District 42",2014,931
"State Representative District 136",2014,932
"State Representative District 52",2014,933
"US President",2016,934
"US Representative District 5",2016,935
"Railroad Commissioner 1",2016,936
"Supreme Court Seat 3",2016,937
"Supreme Court Seat 5",2016,938
"Supreme Court Seat 9",2016,939
"Court of Criminal Appeals Seat 2",2016,940
"Court of Criminal Appeals Seat 5",2016,941
"Court of Criminal Appeals Seat 6",2016,942
"State Board of Education District 9",2016,943
"US Representative District 11",2016,944
"US Representative District 1",2016,945
"US Representative District 27",2016,946
"State Senator District 18",2016,947
"US Representative District 13",2016,948
"US Representative District 28",2016,949
"State Board of Education District 1",2016,950
"State Senator District 19",2016,951
"US Representative District 10",2016,952
"State Board of Education District 10",2016,953
"State Representative District 13",2016,954
"US Representative District 19",2016,955
"US Representative District 21",2016,956
"State Senator District 24",2016,957
"State Representative District 53",2016,958
"US Representative District 17",2016,959
"US Representative District 34",2016,960
"State Representative District 43",2016,961
"US Representative District 31",2016,962
"US Representative District 25",2016,963
"State Representative District 54",2016,964
"US Representative District 35",2016,965
"US Representative District 23",2016,966
"US Representative District 20",2016,967
"State Board of Education District 5",2016,968
"State Senator District 26",2016,969
"State Representative District 118",2016,970
"State Representative District 117",2016,971
"State Representative District 120",2016,972
"State Senator District 22",2016,973
"US Representative District 4",2016,974
"US Representative District 14",2016,975
"US Representative District 22",2016,976
"State Representative District 29",2016,977
"US Representative District 15",2016,978
"State Senator District 20",2016,979
"US Representative District 36",2016,980
"State Senator District 4",2016,981
"State Representative District 23",2016,982
"State Representative District 11",2016,983
"US Representative District 3",2016,984
"US Representative District 32",2016,985
"State Representative District 70",2016,986
"State Representative District 67",2016,987
"State Representative District 89",2016,988
"State Representative District 33",2016,989
"State Representative District 66",2016,990
"US Representative District 30",2016,991
"US Representative District 24",2016,992
"US Representative District 26",2016,993
"US Representative District 33",2016,994
"State Representative District 114",2016,995
"State Representative District 107",2016,996
"State Representative District 100",2016,997
"State Representative District 109",2016,998
"State Representative District 108",2016,999
"State Representative District 113",2016,1000
"State Representative District 112",2016,1001
"State Representative District 102",2016,1002
"State Representative District 115",2016,1003
"State Representative District 111",2016,1004
"State Representative District 105",2016,1005
"State Senator District 12",2016,1006
"State Representative District 64",2016,1007
"State Representative District 106",2016,1008
"State Representative District 65",2016,1009
"US Representative District 6",2016,1010
"State Representative District 10",2016,1011
"US Representative District 16",2016,1012
"State Representative District 78",2016,1013
"US Representative District 9",2016,1014
"State Senator District 13",2016,1015
"State Representative District 85",2016,1016
"State Representative District 26",2016,1017
"State Representative District 27",2016,1018
"State Representative District 44",2016,1019
"US Representative District 18",2016,1020
"US Representative District 7",2016,1021
"US Representative District 29",2016,1022
"US Representative District 2",2016,1023
"State Board of Education District 6",2016,1024
"State Representative District 147",2016,1025
"State Representative District 150",2016,1026
"State Representative District 146",2016,1027
"State Representative District 128",2016,1028
"State Representative District 134",2016,1029
"State Representative District 135",2016,1030
"State Representative District 144",2016,1031
"State Representative District 126",2016,1032
"State Representative District 127",2016,1033
"State Representative District 132",2016,1034
"State Representative District 137",2016,1035
"State Representative District 149",2016,1036
"State Representative District 41",2016,1037
"State Representative District 40",2016,1038
"State Representative District 71",2016,1039
"State Representative District 18",2016,1040
"State Representative District 56",2016,1041
"US Representative District 12",2016,1042
"State Representative District 95",2016,1043
"State Representative District 97",2016,1044
"State Representative District 96",2016,1045
"State Representative District 99",2016,1046
"State Representative District 93",2016,1047
"State Representative District 92",2016,1048
"State Representative District 101",2016,1049
"State Representative District 94",2016,1050
"State Representative District 98",2016,1051
"State Representative District 46",2016,1052
"State Representative District 50",2016,1053
"State Representative District 51",2016,1054
"State Representative District 49",2016,1055
"State Representative District 48",2016,1056
"State Representative District 47",2016,1057
"State Representative District 136",2016,1058
"State Representative District 52",2016,1059
"US Senator",2018,1060
"US Representative District 5",2018,1061
"Governor",2018,1062
"Lieutenant Governor",2018,1063
"Attorney General",2018,1064
"Comptroller",2018,1065
"Land Commissioner",2018,1066
"Agriculture Commissioner",2018,1067
"Railroad Commissioner 1",2018,1068
"Supreme Court Seat 2",2018,1069
"Supreme Court Seat 4",2018,1070
"Supreme Court Seat 6",2018,1071
"Court of Criminal Appeals Presiding Judge",2018,1072
"Court of Criminal Appeals Seat 7",2018,1073
"Court of Criminal Appeals Seat 8",2018,1074
"State Senator District 3",2018,1075
"State Representative District 8",2018,1076
"US Representative District 11",2018,1077
"State Senator District 31",2018,1078
"State Representative District 81",2018,1079
"US Representative District 1",2018,1080
"State Representative District 57",2018,1081
"US Representative District 27",2018,1082
"State Board of Education District 2",2018,1083
"State Representative District 30",2018,1084
"US Representative District 13",2018,1085
"State Senator District 30",2018,1086
"State Representative District 88",2018,1087
"US Representative District 28",2018,1088
"US Representative District 10",2018,1089
"State Representative District 13",2018,1090
"US Representative District 19",2018,1091
"US Representative District 21",2018,1092
"State Representative District 53",2018,1093
"US Representative District 17",2018,1094
"State Senator District 14",2018,1095
"State Representative District 17",2018,1096
"US Representative District 34",2018,1097
"State Representative District 43",2018,1098
"US Representative District 31",2018,1099
"US Representative District 25",2018,1100
"State Representative District 54",2018,1101
"US Representative District 35",2018,1102
"US Representative District 23",2018,1103
"US Representative District 20",2018,1104
"State Senator District 25",2018,1105
"State Representative District 124",2018,1106
"State Representative District 118",2018,1107
"State Representative District 117",2018,1108
"State Representative District 125",2018,1109
"State Representative District 116",2018,1110
"State Representative District 122",2018,1111
"State Representative District 121",2018,1112
"State Representative District 120",2018,1113
"State Representative District 45",2018,1114
"State Representative District 83",2018,1115
"US Representative District 4",2018,1116
"US Representative District 14",2018,1117
"US Representative District 22",2018,1118
"State Board of Education District 7",2018,1119
"State Senator District 17",2018,1120
"State Representative District 29",2018,1121
"State Senator District 5",2018,1122
"State Representative District 12",2018,1123
"State Representative District 14",2018,1124
"US Representative District 15",2018,1125
"State Representative District 20",2018,1126
"State Representative District 5",2018,1127
"US Representative District 36",2018,1128
"State Representative District 23",2018,1129
"State Representative District 11",2018,1130
"US Representative District 3",2018,1131
"US Representative District 32",2018,1132
"State Board of Education District 12",2018,1133
"State Senator District 8",2018,1134
"State Representative District 70",2018,1135
"State Representative District 67",2018,1136
"State Representative District 89",2018,1137
"State Representative District 33",2018,1138
"State Representative District 66",2018,1139
"State Representative District 73",2018,1140
"State Representative District 82",2018,1141
"State Representative District 86",2018,1142
"US Representative District 30",2018,1143
"US Representative District 24",2018,1144
"US Representative District 26",2018,1145
"US Representative District 33",2018,1146
"State Board of Education District 13",2018,1147
"State Board of Education District 11",2018,1148
"State Senator District 16",2018,1149
"State Senator District 2",2018,1150
"State Senator District 9",2018,1151
"State Representative District 114",2018,1152
"State Representative District 107",2018,1153
"State Representative District 108",2018,1154
"State Representative District 113",2018,1155
"State Representative District 112",2018,1156
"State Representative District 102",2018,1157
"State Representative District 103",2018,1158
"State Representative District 115",2018,1159
"State Representative District 105",2018,1160
"State Representative District 62",2018,1161
"State Representative District 64",2018,1162
"State Representative District 106",2018,1163
"State Representative District 65",2018,1164
"State Representative District 63",2018,1165
"US Representative District 6",2018,1166
"State Representative District 10",2018,1167
"US Representative District 16",2018,1168
"State Representative District 78",2018,1169
"US Representative District 9",2018,1170
"State Representative District 28",2018,1171
"State Representative District 85",2018,1172
"State Representative District 26",2018,1173
"State Representative District 24",2018,1174
"US Representative District 8",2018,1175
"State Representative District 44",2018,1176
"State Representative District 19",2018,1177
"US Representative District 18",2018,1178
"US Representative District 7",2018,1179
"US Representative District 29",2018,1180
"US Representative District 2",2018,1181
"State Senator District 15",2018,1182
"State Senator District 7",2018,1183
"State Representative District 145",2018,1184
"State Representative District 147",2018,1185
"State Representative District 148",2018,1186
"State Representative District 150",2018,1187
"State Representative District 146",2018,1188
"State Representative District 134",2018,1189
"State Representative District 130",2018,1190
"State Representative District 135",2018,1191
"State Representative District 138",2018,1192
"State Representative District 144",2018,1193
"State Representative District 139",2018,1194
"State Representative District 129",2018,1195
"State Representative District 126",2018,1196
"State Representative District 133",2018,1197
"State Representative District 127",2018,1198
"State Representative District 132",2018,1199
"State Representative District 131",2018,1200
"State Representative District 137",2018,1201
"State Representative District 149",2018,1202
"State Representative District 4",2018,1203
"State Representative District 41",2018,1204
"State Representative District 2",2018,1205
"State Representative District 71",2018,1206
"State Representative District 18",2018,1207
"State Representative District 84",2018,1208
"State Representative District 56",2018,1209
"State Representative District 16",2018,1210
"State Representative District 15",2018,1211
"State Representative District 3",2018,1212
"State Representative District 34",2018,1213
"US Representative District 12",2018,1214
"State Representative District 6",2018,1215
"State Senator District 10",2018,1216
"State Representative District 95",2018,1217
"State Representative District 97",2018,1218
"State Representative District 96",2018,1219
"State Representative District 99",2018,1220
"State Representative District 93",2018,1221
"State Representative District 92",2018,1222
"State Representative District 101",2018,1223
"State Representative District 94",2018,1224
"State Representative District 98",2018,1225
"State Representative District 91",2018,1226
"State Representative District 46",2018,1227
"State Representative District 49",2018,1228
"State Representative District 47",2018,1229
"State Representative District 42",2018,1230
"State Representative District 136",2018,1231
"State Representative District 52",2018,1232
"US President",2020,1233
"US Senator",2020,1234
"US Representative District 5",2020,1235
"Railroad Commissioner 1",2020,1236
"Supreme Court Chief Justice",2020,1237
"Supreme Court Seat 6",2020,1238
"Supreme Court Seat 7",2020,1239
"Supreme Court Seat 8",2020,1240
"Court of Criminal Appeals Seat 3",2020,1241
"Court of Criminal Appeals Seat 4",2020,1242
"State Board of Education District 9",2020,1243
"State Representative District 8",2020,1244
"Court of Criminal Appeals Seat 9",2020,1245
"US Representative District 11",2020,1246
"State Board of Education District 15",2020,1247
"US Representative District 1",2020,1248
"State Representative District 57",2020,1249
"US Representative District 27",2020,1250
"State Senator District 18",2020,1251
"US Representative District 13",2020,1252
"US Representative District 28",2020,1253
"State Board of Education District 1",2020,1254
"State Senator District 19",2020,1255
"State Senator District 21",2020,1256
"State Representative District 31",2020,1257
"US Representative District 10",2020,1258
"State Board of Education District 10",2020,1259
"US Representative District 19",2020,1260
"US Representative District 21",2020,1261
"State Senator District 24",2020,1262
"State Representative District 53",2020,1263
"US Representative District 17",2020,1264
"State Representative District 17",2020,1265
"US Representative District 34",2020,1266
"US Representative District 31",2020,1267
"US Representative District 25",2020,1268
"State Representative District 54",2020,1269
"US Representative District 35",2020,1270
"US Representative District 23",2020,1271
"US Representative District 20",2020,1272
"State Board of Education District 5",2020,1273
"State Senator District 26",2020,1274
"State Representative District 119",2020,1275
"State Representative District 118",2020,1276
"State Representative District 117",2020,1277
"State Representative District 125",2020,1278
"State Representative District 116",2020,1279
"State Representative District 122",2020,1280
"State Representative District 121",2020,1281
"State Representative District 120",2020,1282
"State Representative District 45",2020,1283
"State Representative District 83",2020,1284
"State Board of Education District 14",2020,1285
"State Senator District 22",2020,1286
"State Representative District 58",2020,1287
"US Representative District 4",2020,1288
"State Senator District 1",2020,1289
"US Representative District 14",2020,1290
"US Representative District 22",2020,1291
"State Senator District 11",2020,1292
"State Representative District 25",2020,1293
"State Representative District 29",2020,1294
"State Board of Education District 8",2020,1295
"State Representative District 14",2020,1296
"State Representative District 74",2020,1297
"US Representative District 15",2020,1298
"State Senator District 20",2020,1299
"State Representative District 20",2020,1300
"State Senator District 27",2020,1301
"State Representative District 5",2020,1302
"US Representative District 36",2020,1303
"State Senator District 4",2020,1304
"State Representative District 23",2020,1305
"State Representative District 11",2020,1306
"State Representative District 68",2020,1307
"US Representative District 3",2020,1308
"US Representative District 32",2020,1309
"State Representative District 70",2020,1310
"State Representative District 67",2020,1311
"State Representative District 89",2020,1312
"State Representative District 33",2020,1313
"State Representative District 66",2020,1314
"State Representative District 73",2020,1315
"State Senator District 29",2020,1316
"US Representative District 30",2020,1317
"US Representative District 24",2020,1318
"US Representative District 26",2020,1319
"US Representative District 33",2020,1320
"State Representative District 114",2020,1321
"State Representative District 107",2020,1322
"State Representative District 109",2020,1323
"State Representative District 108",2020,1324
"State Representative District 113",2020,1325
"State Representative District 112",2020,1326
"State Representative District 102",2020,1327
"State Representative District 103",2020,1328
"State Representative District 115",2020,1329
"State Representative District 105",2020,1330
"State Representative District 62",2020,1331
"State Senator District 12",2020,1332
"State Representative District 64",2020,1333
"State Representative District 106",2020,1334
"State Representative District 65",2020,1335
"State Representative District 63",2020,1336
"US Representative District 6",2020,1337
"State Representative District 10",2020,1338
"US Representative District 16",2020,1339
"State Representative District 78",2020,1340
"US Representative District 9",2020,1341
"State Senator District 13",2020,1342
"State Representative District 28",2020,1343
"State Representative District 26",2020,1344
"State Representative District 27",2020,1345
"State Representative District 85",2020,1346
"State Representative District 24",2020,1347
"US Representative District 8",2020,1348
"State Representative District 44",2020,1349
"US Representative District 18",2020,1350
"US Representative District 7",2020,1351
"US Representative District 29",2020,1352
"US Representative District 2",2020,1353
"State Board of Education District 6",2020,1354
"State Senator District 6",2020,1355
"State Representative District 145",2020,1356
"State Representative District 148",2020,1357
"State Representative District 150",2020,1358
"State Representative District 146",2020,1359
"State Representative District 128",2020,1360
"State Representative District 134",2020,1361
"State Representative District 142",2020,1362
"State Representative District 130",2020,1363
"State Representative District 135",2020,1364
"State Representative District 138",2020,1365
"State Representative District 144",2020,1366
"State Representative District 139",2020,1367
"State Representative District 129",2020,1368
"State Representative District 126",2020,1369
"State Representative District 133",2020,1370
"State Representative District 127",2020,1371
"State Representative District 132",2020,1372
"State Representative District 137",2020,1373
"State Representative District 149",2020,1374
"State Representative District 4",2020,1375
"State Representative District 41",2020,1376
"State Representative District 2",2020,1377
"State Representative District 22",2020,1378
"State Representative District 71",2020,1379
"State Representative District 84",2020,1380
"State Representative District 56",2020,1381
"State Representative District 15",2020,1382
"State Representative District 3",2020,1383
"State Representative District 34",2020,1384
"State Representative District 32",2020,1385
"US Representative District 12",2020,1386
"State Representative District 61",2020,1387
"State Representative District 6",2020,1388
"State Representative District 97",2020,1389
"State Representative District 90",2020,1390
"State Representative District 96",2020,1391
"State Representative District 93",2020,1392
"State Representative District 92",2020,1393
"State Representative District 94",2020,1394
"State Representative District 98",2020,1395
"State Representative District 91",2020,1396
"State Representative District 50",2020,1397
"State Representative District 51",2020,1398
"State Representative District 49",2020,1399
"State Representative District 48",2020,1400
"State Representative District 47",2020,1401
"State Representative District 136",2020,1402
"State Representative District 52",2020,1403
"Governor",2022,1404
"Lieutenant Governor",2022,1405
"Attorney General",2022,1406
"Comptroller",2022,1407
"Land Commissioner",2022,1408
"Agriculture Commissioner",2022,1409
"Railroad Commissioner 1",2022,1410
"Supreme Court Seat 3",2022,1411
"Supreme Court Seat 5",2022,1412
"Supreme Court Seat 9",2022,1413
"Court of Criminal Appeals Seat 5",2022,1414
"Court of Criminal Appeals Seat 6",2022,1415
"State Senator District 3",2022,1416
"State Representative District 8",2022,1417
"US Representative District 19",2022,1418
"US Representative District 17",2022,1419
"State Representative District 9",2022,1420
"US Representative District 27",2022,1421
"State Board of Education District 2",2022,1422
"State Senator District 18",2022,1423
"US Representative District 13",2022,1424
"State Representative District 69",2022,1425
"US Representative District 28",2022,1426
"State Board of Education District 1",2022,1427
"State Senator District 19",2022,1428
"State Senator District 24",2022,1429
"US Representative District 10",2022,1430
"State Representative District 85",2022,1431
"US Representative District 21",2022,1432
"State Representative District 53",2022,1433
"State Board of Education District 5",2022,1434
"State Senator District 5",2022,1435
"State Representative District 17",2022,1436
"State Board of Education District 3",2022,1437
"State Senator District 27",2022,1438
"State Representative District 55",2022,1439
"State Representative District 54",2022,1440
"US Representative District 35",2022,1441
"US Representative District 20",2022,1442
"US Representative District 23",2022,1443
"State Senator District 26",2022,1444
"State Senator District 21",2022,1445
"State Senator District 25",2022,1446
"State Representative District 123",2022,1447
"State Representative District 124",2022,1448
"State Representative District 119",2022,1449
"State Representative District 118",2022,1450
"State Representative District 117",2022,1451
"State Representative District 125",2022,1452
"State Representative District 122",2022,1453
"State Representative District 121",2022,1454
"State Representative District 120",2022,1455
"State Representative District 19",2022,1456
"State Board of Education District 14",2022,1457
"State Senator District 22",2022,1458
"State Representative District 13",2022,1459
"US Representative District 1",2022,1460
"US Representative District 4",2022,1461
"State Board of Education District 12",2022,1462
"US Representative District 14",2022,1463
"US Representative District 22",2022,1464
"US Representative District 9",2022,1465
"State Board of Education District 7",2022,1466
"State Senator District 17",2022,1467
"State Representative District 14",2022,1468
"State Senator District 29",2022,1469
"State Representative District 74",2022,1470
"US Representative District 15",2022,1471
"State Senator District 20",2022,1472
"State Representative District 31",2022,1473
"State Representative District 71",2022,1474
"US Representative District 34",2022,1475
"State Representative District 37",2022,1476
"State Representative District 35",2022,1477
"State Representative District 87",2022,1478
"US Representative District 36",2022,1479
"State Senator District 4",2022,1480
"State Representative District 23",2022,1481
"US Representative District 32",2022,1482
"US Representative District 3",2022,1483
"State Senator District 8",2022,1484
"State Senator District 2",2022,1485
"State Representative District 67",2022,1486
"State Representative District 61",2022,1487
"State Representative District 70",2022,1488
"State Representative District 66",2022,1489
"State Representative District 33",2022,1490
"State Representative District 73",2022,1491
"US Representative District 26",2022,1492
"US Representative District 24",2022,1493
"US Representative District 30",2022,1494
"US Representative District 5",2022,1495
"US Representative District 33",2022,1496
"State Board of Education District 13",2022,1497
"State Board of Education District 11",2022,1498
"State Senator District 16",2022,1499
"State Senator District 12",2022,1500
"State Representative District 102",2022,1501
"State Representative District 108",2022,1502
"State Representative District 114",2022,1503
"State Representative District 107",2022,1504
"State Representative District 100",2022,1505
"State Representative District 112",2022,1506
"State Representative District 103",2022,1507
"State Representative District 115",2022,1508
"State Representative District 111",2022,1509
"State Representative District 105",2022,1510
"State Representative District 65",2022,1511
"State Representative District 63",2022,1512
"State Representative District 57",2022,1513
"US Representative District 16",2022,1514
"State Representative District 75",2022,1515
"US Representative District 7",2022,1516
"State Board of Education District 8",2022,1517
"State Representative District 26",2022,1518
"State Representative District 28",2022,1519
"State Representative District 27",2022,1520
"State Representative District 76",2022,1521
"State Representative District 24",2022,1522
"State Representative District 44",2022,1523
"US Representative District 29",2022,1524
"US Representative District 2",2022,1525
"US Representative District 18",2022,1526
"US Representative District 8",2022,1527
"US Representative District 38",2022,1528
"State Board of Education District 6",2022,1529
"State Senator District 15",2022,1530
"State Representative District 145",2022,1531
"State Representative District 150",2022,1532
"State Representative District 128",2022,1533
"State Representative District 134",2022,1534
"State Representative District 148",2022,1535
"State Representative District 138",2022,1536
"State Representative District 129",2022,1537
"State Representative District 133",2022,1538
"State Representative District 132",2022,1539
"State Representative District 131",2022,1540
"State Representative District 135",2022,1541
"State Representative District 137",2022,1542
"State Representative District 149",2022,1543
"State Representative District 45",2022,1544
"State Representative District 4",2022,1545
"State Representative District 39",2022,1546
"State Representative District 41",2022,1547
"State Representative District 22",2022,1548
"State Representative District 56",2022,1549
"State Representative District 15",2022,1550
"State Representative District 34",2022,1551
"US Representative District 12",2022,1552
"State Representative District 6",2022,1553
"State Senator District 9",2022,1554
"State Representative District 95",2022,1555
"State Representative District 97",2022,1556
"State Representative District 99",2022,1557
"State Representative District 94",2022,1558
"State Representative District 92",2022,1559
"State Representative District 98",2022,1560
"State Representative District 93",2022,1561
"US Representative District 37",2022,1562
"State Senator District 14",2022,1563
"State Representative District 46",2022,1564
"State Representative District 51",2022,1565
"State Representative District 49",2022,1566
"State Representative District 48",2022,1567
"State Representative District 47",2022,1568
"State Representative District 50",2022,1569
"State Representative District 42",2022,1570
"State Representative District 20",2022,1571
"State Representative District 136",2022,1572
"State Representative District 52",2022,1573
"State Board of Education (All)",2002,1574
"State Board of Education (All)",2006,1575
"State Board of Education (All)",2016,1576
"State Board of Education (All)",2020,1577
"State Board of Education (All)",2010,1578
"State Board of Education (All)",2012,1579
"State Board of Education (All)",2022,1580
"State Board of Education (All)",2014,1581
"State Board of Education (All)",2018,1582
"State Board of Education (All)",2008,1583
"State House (All)",2002,1584
"State House (All)",2006,1585
"State House (All)",2010,1586
"State House (All)",2012,1587
"State House (All)",2018,1588
"State House (All)",2014,1589
"State House (All)",2020,1590
"State House (All)",2022,1591
"State House (All)",2008,1592
"State House (All)",2016,1593
"State Senate (All)",2018,1594
"State Senate (All)",2022,1595
"State Senate (All)",2010,1596
"State Senate (All)",2014,1597
"State Senate (All)",2008,1598
"State Senate (All)",2012,1599
"State Senate (All)",2006,1600
"State Senate (All)",2016,1601
"State Senate (All)",2020,1602
"State Senate (All)",2002,1603
"US Congress (All)",2002,1604
"US Congress (All)",2006,1605
"US Congress (All)",2010,1606
"US Congress (All)",2012,1607
"US Congress (All)",2018,1608
"US Congress (All)",2020,1609
"US Congress (All)",2008,1610
"US Congress (All)",2014,1611
"US Congress (All)",2016,1612
"US Congress (All)",2022,1613
